--
-- PostgreSQL database dump
--

-- Dumped from database version 12.9 (Ubuntu 12.9-2.pgdg20.04+1)
-- Dumped by pg_dump version 12.9 (Ubuntu 12.9-2.pgdg20.04+1)

SET statement_timeout = 0;
SET lock_timeout = 0;
SET idle_in_transaction_session_timeout = 0;
SET client_encoding = 'UTF8';
SET standard_conforming_strings = on;
SELECT pg_catalog.set_config('search_path', '', false);
SET check_function_bodies = false;
SET xmloption = content;
SET client_min_messages = warning;
SET row_security = off;

DROP DATABASE universe;
--
-- Name: universe; Type: DATABASE; Schema: -; Owner: freecodecamp
--

CREATE DATABASE universe WITH TEMPLATE = template0 ENCODING = 'UTF8' LC_COLLATE = 'C.UTF-8' LC_CTYPE = 'C.UTF-8';


ALTER DATABASE universe OWNER TO freecodecamp;

\connect universe

SET statement_timeout = 0;
SET lock_timeout = 0;
SET idle_in_transaction_session_timeout = 0;
SET client_encoding = 'UTF8';
SET standard_conforming_strings = on;
SELECT pg_catalog.set_config('search_path', '', false);
SET check_function_bodies = false;
SET xmloption = content;
SET client_min_messages = warning;
SET row_security = off;

SET default_tablespace = '';

SET default_table_access_method = heap;

--
-- Name: galaxy; Type: TABLE; Schema: public; Owner: freecodecamp
--

CREATE TABLE public.galaxy (
    galaxy_id integer NOT NULL,
    name character varying(20),
    description text NOT NULL,
    age integer NOT NULL,
    has_life boolean,
    distance_from_earth numeric
);


ALTER TABLE public.galaxy OWNER TO freecodecamp;

--
-- Name: galaxy_galaxy_id_seq; Type: SEQUENCE; Schema: public; Owner: freecodecamp
--

CREATE SEQUENCE public.galaxy_galaxy_id_seq
    AS integer
    START WITH 1
    INCREMENT BY 1
    NO MINVALUE
    NO MAXVALUE
    CACHE 1;


ALTER TABLE public.galaxy_galaxy_id_seq OWNER TO freecodecamp;

--
-- Name: galaxy_galaxy_id_seq; Type: SEQUENCE OWNED BY; Schema: public; Owner: freecodecamp
--

ALTER SEQUENCE public.galaxy_galaxy_id_seq OWNED BY public.galaxy.galaxy_id;


--
-- Name: moon; Type: TABLE; Schema: public; Owner: freecodecamp
--

CREATE TABLE public.moon (
    moon_id integer NOT NULL,
    name character varying(20),
    description text NOT NULL,
    has_life boolean,
    distance numeric NOT NULL,
    planet_id integer
);


ALTER TABLE public.moon OWNER TO freecodecamp;

--
-- Name: moon_moon_id_seq; Type: SEQUENCE; Schema: public; Owner: freecodecamp
--

CREATE SEQUENCE public.moon_moon_id_seq
    AS integer
    START WITH 1
    INCREMENT BY 1
    NO MINVALUE
    NO MAXVALUE
    CACHE 1;


ALTER TABLE public.moon_moon_id_seq OWNER TO freecodecamp;

--
-- Name: moon_moon_id_seq; Type: SEQUENCE OWNED BY; Schema: public; Owner: freecodecamp
--

ALTER SEQUENCE public.moon_moon_id_seq OWNED BY public.moon.moon_id;


--
-- Name: other; Type: TABLE; Schema: public; Owner: freecodecamp
--

CREATE TABLE public.other (
    other_id integer NOT NULL,
    name character varying(20),
    description text NOT NULL,
    has_life boolean,
    distance numeric NOT NULL,
    moon_id integer
);


ALTER TABLE public.other OWNER TO freecodecamp;

--
-- Name: other_other_id_seq; Type: SEQUENCE; Schema: public; Owner: freecodecamp
--

CREATE SEQUENCE public.other_other_id_seq
    AS integer
    START WITH 1
    INCREMENT BY 1
    NO MINVALUE
    NO MAXVALUE
    CACHE 1;


ALTER TABLE public.other_other_id_seq OWNER TO freecodecamp;

--
-- Name: other_other_id_seq; Type: SEQUENCE OWNED BY; Schema: public; Owner: freecodecamp
--

ALTER SEQUENCE public.other_other_id_seq OWNED BY public.other.other_id;


--
-- Name: planet; Type: TABLE; Schema: public; Owner: freecodecamp
--

CREATE TABLE public.planet (
    planet_id integer NOT NULL,
    name character varying(20),
    description text NOT NULL,
    has_life boolean,
    distance_from_earth numeric NOT NULL,
    star_id integer
);


ALTER TABLE public.planet OWNER TO freecodecamp;

--
-- Name: planet_planet_id_seq; Type: SEQUENCE; Schema: public; Owner: freecodecamp
--

CREATE SEQUENCE public.planet_planet_id_seq
    AS integer
    START WITH 1
    INCREMENT BY 1
    NO MINVALUE
    NO MAXVALUE
    CACHE 1;


ALTER TABLE public.planet_planet_id_seq OWNER TO freecodecamp;

--
-- Name: planet_planet_id_seq; Type: SEQUENCE OWNED BY; Schema: public; Owner: freecodecamp
--

ALTER SEQUENCE public.planet_planet_id_seq OWNED BY public.planet.planet_id;


--
-- Name: star; Type: TABLE; Schema: public; Owner: freecodecamp
--

CREATE TABLE public.star (
    star_id integer NOT NULL,
    name character varying(20),
    description text NOT NULL,
    has_life boolean,
    distance_from_earth numeric NOT NULL,
    galaxy_id integer,
    class integer
);


ALTER TABLE public.star OWNER TO freecodecamp;

--
-- Name: star_star_id_seq; Type: SEQUENCE; Schema: public; Owner: freecodecamp
--

CREATE SEQUENCE public.star_star_id_seq
    AS integer
    START WITH 1
    INCREMENT BY 1
    NO MINVALUE
    NO MAXVALUE
    CACHE 1;


ALTER TABLE public.star_star_id_seq OWNER TO freecodecamp;

--
-- Name: star_star_id_seq; Type: SEQUENCE OWNED BY; Schema: public; Owner: freecodecamp
--

ALTER SEQUENCE public.star_star_id_seq OWNED BY public.star.star_id;


--
-- Name: galaxy galaxy_id; Type: DEFAULT; Schema: public; Owner: freecodecamp
--

ALTER TABLE ONLY public.galaxy ALTER COLUMN galaxy_id SET DEFAULT nextval('public.galaxy_galaxy_id_seq'::regclass);


--
-- Name: moon moon_id; Type: DEFAULT; Schema: public; Owner: freecodecamp
--

ALTER TABLE ONLY public.moon ALTER COLUMN moon_id SET DEFAULT nextval('public.moon_moon_id_seq'::regclass);


--
-- Name: other other_id; Type: DEFAULT; Schema: public; Owner: freecodecamp
--

ALTER TABLE ONLY public.other ALTER COLUMN other_id SET DEFAULT nextval('public.other_other_id_seq'::regclass);


--
-- Name: planet planet_id; Type: DEFAULT; Schema: public; Owner: freecodecamp
--

ALTER TABLE ONLY public.planet ALTER COLUMN planet_id SET DEFAULT nextval('public.planet_planet_id_seq'::regclass);


--
-- Name: star star_id; Type: DEFAULT; Schema: public; Owner: freecodecamp
--

ALTER TABLE ONLY public.star ALTER COLUMN star_id SET DEFAULT nextval('public.star_star_id_seq'::regclass);


--
-- Data for Name: galaxy; Type: TABLE DATA; Schema: public; Owner: freecodecamp
--

INSERT INTO public.galaxy VALUES (5, 'g2', 'galaxy 2', 120, false, 102);
INSERT INTO public.galaxy VALUES (6, 'g3', 'galaxy 3', 130, false, 103);
INSERT INTO public.galaxy VALUES (7, 'g4', 'galaxy 4', 140, false, 104);
INSERT INTO public.galaxy VALUES (8, 'g5', 'galaxy 5', 150, false, 105);
INSERT INTO public.galaxy VALUES (9, 'g6', 'galaxy 6', 160, false, 106);
INSERT INTO public.galaxy VALUES (1, 'g1', 'galaxy 1', 100, true, 100);


--
-- Data for Name: moon; Type: TABLE DATA; Schema: public; Owner: freecodecamp
--

INSERT INTO public.moon VALUES (12, 'm1', 'planet 7', NULL, 302, 3);
INSERT INTO public.moon VALUES (13, 'm8', 'planet 8', NULL, 302, 17);
INSERT INTO public.moon VALUES (14, 'm9', 'planet 9', NULL, 303, 18);
INSERT INTO public.moon VALUES (15, 'm10', 'planet 10', NULL, 302, 19);
INSERT INTO public.moon VALUES (16, 'm11', 'planet 11', NULL, 305, 20);
INSERT INTO public.moon VALUES (17, 'm12', 'planet 12', NULL, 306, 25);
INSERT INTO public.moon VALUES (18, 'm2', 'planet 2', NULL, 302, 24);
INSERT INTO public.moon VALUES (19, 'm3', 'planet 3', NULL, 303, 23);
INSERT INTO public.moon VALUES (20, 'm4', 'planet 4', NULL, 302, 17);
INSERT INTO public.moon VALUES (21, 'm5', 'planet 5', NULL, 305, 19);
INSERT INTO public.moon VALUES (22, 'm6', 'planet 6', NULL, 302, 18);
INSERT INTO public.moon VALUES (28, 'm31', 'planet 7', NULL, 302, 3);
INSERT INTO public.moon VALUES (29, 'm48', 'planet 8', NULL, 302, 17);
INSERT INTO public.moon VALUES (30, 'm49', 'planet 9', NULL, 303, 18);
INSERT INTO public.moon VALUES (31, 'm40', 'planet 10', NULL, 302, 19);
INSERT INTO public.moon VALUES (32, 'm41', 'planet 41', NULL, 305, 20);
INSERT INTO public.moon VALUES (33, 'm42', 'planet 12', NULL, 306, 25);
INSERT INTO public.moon VALUES (34, 'm52', 'planet 2', NULL, 302, 24);
INSERT INTO public.moon VALUES (35, 'm53', 'planet 3', NULL, 303, 23);
INSERT INTO public.moon VALUES (36, 'm54', 'planet 4', NULL, 302, 17);
INSERT INTO public.moon VALUES (37, 'm55', 'planet 5', NULL, 305, 19);
INSERT INTO public.moon VALUES (38, 'm56', 'planet 6', NULL, 302, 18);


--
-- Data for Name: other; Type: TABLE DATA; Schema: public; Owner: freecodecamp
--

INSERT INTO public.other VALUES (3, 'o1', 'planet 2', NULL, 8, NULL);
INSERT INTO public.other VALUES (4, 'o2', 'planet 2', NULL, 8, NULL);
INSERT INTO public.other VALUES (5, 'o3', 'planet 2', NULL, 8, NULL);


--
-- Data for Name: planet; Type: TABLE DATA; Schema: public; Owner: freecodecamp
--

INSERT INTO public.planet VALUES (15, 'p7', 'planet 7', NULL, 302, 9);
INSERT INTO public.planet VALUES (16, 'p8', 'planet 8', NULL, 302, 2);
INSERT INTO public.planet VALUES (17, 'p9', 'planet 9', NULL, 303, 12);
INSERT INTO public.planet VALUES (18, 'p10', 'planet 10', NULL, 302, 11);
INSERT INTO public.planet VALUES (19, 'p11', 'planet 11', NULL, 305, 10);
INSERT INTO public.planet VALUES (20, 'p12', 'planet 12', NULL, 306, 9);
INSERT INTO public.planet VALUES (21, 'p2', 'planet 2', NULL, 302, 2);
INSERT INTO public.planet VALUES (22, 'p3', 'planet 3', NULL, 303, 8);
INSERT INTO public.planet VALUES (23, 'p4', 'planet 4', NULL, 302, 10);
INSERT INTO public.planet VALUES (24, 'p5', 'planet 5', NULL, 305, 11);
INSERT INTO public.planet VALUES (25, 'p6', 'planet 6', NULL, 302, 12);
INSERT INTO public.planet VALUES (3, 'p1', 'planet 1', NULL, 100, 10);


--
-- Data for Name: star; Type: TABLE DATA; Schema: public; Owner: freecodecamp
--

INSERT INTO public.star VALUES (2, 'mars', 'red planet', false, 10000, 1, NULL);
INSERT INTO public.star VALUES (8, 'p2', 'planet 2', true, 202, 8, 8);
INSERT INTO public.star VALUES (9, 'p3', 'planet 3', false, 103, 7, 6);
INSERT INTO public.star VALUES (10, 'p4', 'planet 4', true, 204, 6, 5);
INSERT INTO public.star VALUES (11, 'p5', 'planet 5', true, 205, 5, 9);
INSERT INTO public.star VALUES (12, 'p6', 'planet 6', true, 202, 9, 8);


--
-- Name: galaxy_galaxy_id_seq; Type: SEQUENCE SET; Schema: public; Owner: freecodecamp
--

SELECT pg_catalog.setval('public.galaxy_galaxy_id_seq', 9, true);


--
-- Name: moon_moon_id_seq; Type: SEQUENCE SET; Schema: public; Owner: freecodecamp
--

SELECT pg_catalog.setval('public.moon_moon_id_seq', 38, true);


--
-- Name: other_other_id_seq; Type: SEQUENCE SET; Schema: public; Owner: freecodecamp
--

SELECT pg_catalog.setval('public.other_other_id_seq', 5, true);


--
-- Name: planet_planet_id_seq; Type: SEQUENCE SET; Schema: public; Owner: freecodecamp
--

SELECT pg_catalog.setval('public.planet_planet_id_seq', 25, true);


--
-- Name: star_star_id_seq; Type: SEQUENCE SET; Schema: public; Owner: freecodecamp
--

SELECT pg_catalog.setval('public.star_star_id_seq', 12, true);


--
-- Name: galaxy galaxy_name_key; Type: CONSTRAINT; Schema: public; Owner: freecodecamp
--

ALTER TABLE ONLY public.galaxy
    ADD CONSTRAINT galaxy_name_key UNIQUE (name);


--
-- Name: galaxy galaxy_pkey; Type: CONSTRAINT; Schema: public; Owner: freecodecamp
--

ALTER TABLE ONLY public.galaxy
    ADD CONSTRAINT galaxy_pkey PRIMARY KEY (galaxy_id);


--
-- Name: moon moon_name_key; Type: CONSTRAINT; Schema: public; Owner: freecodecamp
--

ALTER TABLE ONLY public.moon
    ADD CONSTRAINT moon_name_key UNIQUE (name);


--
-- Name: moon moon_pkey; Type: CONSTRAINT; Schema: public; Owner: freecodecamp
--

ALTER TABLE ONLY public.moon
    ADD CONSTRAINT moon_pkey PRIMARY KEY (moon_id);


--
-- Name: other other_name_key; Type: CONSTRAINT; Schema: public; Owner: freecodecamp
--

ALTER TABLE ONLY public.other
    ADD CONSTRAINT other_name_key UNIQUE (name);


--
-- Name: other other_pkey; Type: CONSTRAINT; Schema: public; Owner: freecodecamp
--

ALTER TABLE ONLY public.other
    ADD CONSTRAINT other_pkey PRIMARY KEY (other_id);


--
-- Name: planet planet_name_key; Type: CONSTRAINT; Schema: public; Owner: freecodecamp
--

ALTER TABLE ONLY public.planet
    ADD CONSTRAINT planet_name_key UNIQUE (name);


--
-- Name: planet planet_pkey; Type: CONSTRAINT; Schema: public; Owner: freecodecamp
--

ALTER TABLE ONLY public.planet
    ADD CONSTRAINT planet_pkey PRIMARY KEY (planet_id);


--
-- Name: star star_name_key; Type: CONSTRAINT; Schema: public; Owner: freecodecamp
--

ALTER TABLE ONLY public.star
    ADD CONSTRAINT star_name_key UNIQUE (name);


--
-- Name: star star_pkey; Type: CONSTRAINT; Schema: public; Owner: freecodecamp
--

ALTER TABLE ONLY public.star
    ADD CONSTRAINT star_pkey PRIMARY KEY (star_id);


--
-- Name: moon moon_planet_id_fkey; Type: FK CONSTRAINT; Schema: public; Owner: freecodecamp
--

ALTER TABLE ONLY public.moon
    ADD CONSTRAINT moon_planet_id_fkey FOREIGN KEY (planet_id) REFERENCES public.planet(planet_id);


--
-- Name: other other_planet_id_fkey; Type: FK CONSTRAINT; Schema: public; Owner: freecodecamp
--

ALTER TABLE ONLY public.other
    ADD CONSTRAINT other_planet_id_fkey FOREIGN KEY (moon_id) REFERENCES public.moon(moon_id);


--
-- Name: planet planet_galaxy_id_fkey; Type: FK CONSTRAINT; Schema: public; Owner: freecodecamp
--

ALTER TABLE ONLY public.planet
    ADD CONSTRAINT planet_galaxy_id_fkey FOREIGN KEY (star_id) REFERENCES public.star(star_id);


--
-- Name: star star_galaxy_id_fkey; Type: FK CONSTRAINT; Schema: public; Owner: freecodecamp
--

ALTER TABLE ONLY public.star
    ADD CONSTRAINT star_galaxy_id_fkey FOREIGN KEY (galaxy_id) REFERENCES public.galaxy(galaxy_id);


--
-- PostgreSQL database dump complete
--

